murkiness.level,avg.dolphins.seen.per.day,previous.week.fishing,diversity.of.prey,seals.seen,water.temp,people.previous.day,seagull.density,common.surfboard.colour,overcast.weather,time.of.day,shark,ID
13.11,3.421590756,0.59601,34.66,6.718046504,3.335635343,81,0.6986,red,0,afternoon,1,245
11.99,2.874611227,0.54274,19.39,6.242028694,3.127024095,49,0.6202,orange,0,morning,0,40
12.91,2.827773869,0.52377,15.75,6.397929156,3.052446003,46,0.58235,red,0,night,0,424
12.06,2.772961059,0.51963,13.25,6.278146119,3.114239148,43,0.57025,red,0,afternoon,1,17
15.06,3.271684047,0.58815,47.14,6.932447892,3.214830815,83,0.7115,red,0,morning,1,283
11.42,3.571658828,0.6052,27.23,6.34159311,3.432989133,193,0.7575,orange,0,morning,0,247
15.71,2.926938643,0.55933,27.94,6.827412526,3.095944654,51,0.6374,yellow,0,night,0,56
18.08,3.054491115,0.55778,76.36,7.113142109,2.980909293,51,0.59181,yellow,0,morning,1,39
8.571,2.789833152,0.5151,7.254,5.618950539,3.248950894,54,0.58512,orange,0,morning,0,280
1990.2,2.957322063,0.528,14.66,6.449047609,3.02810588,58,0.58978,red,0,night,0,330
12.96,2.833192607,0.51883,20.21,6.432779308,2.997504309,55,0.56608,red,0,morning,0,254
11.6,2.81297671,0.51777,12.89,6.204759762,3.138112552,49,0.58288,red,0,night,0,454
13.24,3.023081398,0.52833,23.81,6.597827598,3.088265501,111,0.6357,yellow,0,morning,0,170
11.47,2.790463003,0.52322,12.25,6.164997598,3.207338666,42,0.56548,red,0,night,0,350
8.878,2.852917451,0.52381,30.18,5.710427017,3.024754461,43,0.54762,red,0,night,0,93
12.34,2.872457699,0.52822,21.55,6.315358002,3.178059535,56,0.58194,yellow,0,morning,0,239
12.8,2.934975572,0.54083,30.57,6.381816017,3.00426457,49,0.58296,orange,0,afternoon,0,214
16.25,3.492335434,0.59194,33.12,6.845560675,3.150720665,88,0.6775,red,0,afternoon,1,229
23.29,4.146792568,0.662,83.16,7.593877845,3.209208661,82,0.7733,orange,0,afternoon,1,124
20.31,3.202858929,0.59333,52.34,7.519692404,3.203977773,64,0.6697,yyellow,0,morning,1,388
18.65,3.381201892,0.6009,71.56,7.356918242,3.263559017,99,0.7378,orange,0,morning,1,225
14.78,3.111411382,0.59029,35.24,6.82990184,3.251632779,70,0.6614,red,0,night,1,432
13.98,3.062354822,0.56463,18.85,6.76768829,3.238264141,73,0.6827,red,0,morning,1,217
12.03,2.722490798,0.505592,16.97,6.26034599,3.024085025,38,0.52796,red,0,night,0,167
15.75,3.069568279,0.56462,32.19,6.992096427,3.215206276,88,0.6479,red,0,morning,1,232
13.44,2.805519306,0.52031,20.53,6.669371178,3.05142442,52,0.6112,red,0,night,1,127
20.09,3.512971314,0.628,130.8,7.436027816,3.139907921,70,0.6923,orange,0,morning,1,371
15.53,3.29157228,0.58399,23.02,6.942156706,3.344093381,109,0.7014,red,0,night,1,439
10.48,2.901998576,0.52218,20.77,6.087683405,3.132737975,64,0.5931,orange,0,night,0,428
13.86,3.016440037,0.55602,22.69,6.620206531,3.18100183,86,0.6654,red,0,night,1,322
13.28,2.863603758,0.52864,15.26,6.435669484,3.076122489,NA,0.59173,orange,0,morning,0,226
9.667,2.800838501,0.51514,22.73,5.95376268,3.099797743,NA,0.5656,yellow,0,night,0,421
13.47,2.88512044,0.55266,12.84,6.492542819,3.156516004,NA,0.6335,orange,0,afternoon,0,219
14.81,2.814402979,0.52541,20.72,6.633581557,3.066816507,41,0.57955,red,0,afternoon,0,372
13.38,2.797122187,0.53264,28.93,6.559048505,3.078197739,45,0.57763,red,0,morning,0,168
11.84,2.792813102,0.51393,17.12,6.303168275,3.116008958,50,0.56913,yellow,0,night,0,441
13.87,2.75973143,0.52088,20.74,6.543048163,3.071635175,41,0.55556,orange,0,afternoon,0,81
18.22,3.063726339,0.5795,48.9,7.303170051,3.171457895,61,0.6776,red,0,night,1,403
13.4,2.778884468,0.51473,13.22,6.497528854,3.092449671,48,0.56987,yellow,0,morning,0,82
14.05,2.845191695,0.54304,29.84,6.560606248,3.102254416,55,0.6048,orange,0,morning,0,244
12.58,2.723347251,0.502924,22.45,6.335231541,3.032473299,38,0.508772,red,0,afternoon,0,427
17.6,3.44914821,0.6002,104.9,7.270312886,3.09035625,94,0.6996,red,0,morning,1,53
11.51,3.057563657,0.54105,16.97,6.161629174,3.122395952,58,0.59653,orange,0,night,0,390
15.61,2.837684332,0.52847,22.18,6.896289801,3.048023823,49,0.58568,orange,0,afternoon,1,318
14.97,2.772254191,0.51939,16.64,6.66198261,3.034829952,41,0.55754,orange,0,morning,0,342
12.04,2.784177111,0.52377,44.96,6.341416945,3.033482867,41,0.55547,red,0,night,0,411
9.606,2.967940264,0.52292,12.07,5.868166331,3.099447089,70,0.5812,orange,0,morning,0,433
12.1,2.854772946,0.53326,22.22,6.327043528,3.170725959,49,0.56266,red,0,morning,0,408
11.69,2.84676931,0.54531,20.95,6.189700463,3.298251207,68,0.6308,red,0,morning,0,208
13.17,2.857050642,0.5287,16.89,6.533207274,3.116717411,51,0.6045,orange,0,night,1,198
16.74,3.140267225,0.56018,45.19,7.11395611,3.219341719,77,0.6813,yellow,0,morning,1,188
19.89,3.163059629,0.59431,59.7,7.406103381,3.165246474,69,0.6613,red,0,afternoon,1,32
12.07,2.825072118,0.52798,18.54,6.309736444,3.203604744,47,0.57393,orange,0,night,0,68
11.06,2.794047033,0.507246,12.98,6.207986222,3.060299725,50,0.55556,yellow,0,night,0,134
20.64,3.205844127,0.58941,77.02,7.573531263,3.218965362,65,0.7112,red,0,night,1,73
13.78,2.747264934,0.509937,29.34,6.560464735,3.043952586,42,0.53312,yellow,0,night,0,120
13.28,3.014642651,0.56158,31.33,6.810362933,3.20696491,75,0.6492,red,0,morning,1,343
12.7,2.783977564,0.52402,17.37,6.340182921,3.128093957,47,0.58224,red,0,night,0,409
10.51,2.78783095,0.51875,20.56,5.893576046,3.06819181,40,0.53125,red,0,afternoon,0,216
12.75,2.827979645,0.52995,28.62,6.436310612,3.18653234,51,0.58045,yellow,0,afternoon,0,261
11.61,2.925744619,0.54497,15.89,6.164787403,3.164517212,54,0.6105,orange,0,night,0,364
12.54,2.889467703,0.53279,18.49,6.313548046,3.225752301,49,0.58411,red,0,morning,0,286
11.43,2.816938841,0.52875,12.67,6.135564891,3.084439386,48,0.58476,orange,0,night,0,117
23.51,3.524037301,0.641,164.1,7.974532844,3.201368267,60,0.7089,red,0,morning,1,138
12.34,2.801126994,0.52647,8.955,6.336648724,3.120264223,52,0.607,orange,0,night,1,145
10.29,2.89164611,0.52738,14.46,5.879415043,3.153253675,48,0.59127,red,0,night,0,236
16.3,2.877193532,0.54563,20.67,6.833247227,3.142424673,44,0.6357,orange,0,afternoon,0,256
16.11,3.001392028,0.55943,74.08,7.117205503,3.128093957,54,0.6216,orange,0,afternoon,1,300
16.69,2.821204531,0.52307,22.95,6.988413182,3.022746997,63,0.58737,yellow,0,morning,1,431
9.397,2.823723141,0.505128,6.802,5.707110265,3.048703367,50,0.52564,yellow,0,afternoon,0,114
15.32,3.587177977,0.6242,59.46,6.83389343,3.297070763,88,0.7229,red,0,night,0,26
12.39,2.888364376,0.5288,19.2,6.397762642,3.168897497,73,0.59804,orange,0,afternoon,0,22
11.62,3.026429288,0.55564,27.85,6.26928566,3.30298076,63,0.6416,yellow,0,night,0,206
17.68,3.33282469,0.6054,93.91,7.171656823,3.165611223,72,0.6515,red,0,night,1,152
9.683,2.783322111,0.509615,18.24,5.897703167,3.087569178,40,0.53846,yellow,0,morning,0,104
12.47,2.820034587,0.52369,11.91,6.409022903,3.114592959,58,0.6053,orange,0,night,0,389
11.08,2.784063081,0.52583,19.08,5.982676041,3.093497385,39,0.54306,red,0,afternoon,0,416
11.84,3.094196232,0.55182,41,6.789759721,3.247420224,114,0.6546,orange,0,night,1,430
11.54,2.914479343,0.52594,20.86,6.126432408,3.139189542,53,0.56918,red,0,afternoon,0,394
25.73,4.057061503,0.6913,153.1,8.08147504,3.20696491,117,0.7756,red,0,morning,1,319
13.88,2.775027158,0.508507,23.12,6.613786822,2.969943372,43,0.54537,red,0,night,0,304
12.77,2.773668284,0.51499,18.76,6.388057077,3.099797743,41,0.56498,red,0,afternoon,0,59
9.731,4.517793548,0.57857,49.85,5.941486177,3.120264223,61,0.6571,yellow,0,night,0,393
19.19,3.085481984,0.59667,119.3,7.309881486,3.0616695,52,0.6777,red,0,afternoon,1,387
15.46,3.405247102,0.6097,44.64,7.00488199,3.207338666,73,0.6827,yellow,0,night,1,235
14.26,3.858443354,0.57798,29.25,6.563855527,2.985049701,83,0.6505,yellow,0,morning,0,99
17.54,3.031800609,0.57488,40.73,7.122059882,3.152167633,70,0.6939,red,0,night,1,154
11.31,2.822961235,0.5223,18.15,6.145686653,3.119554254,40,0.56961,yellow,0,night,0,20
15.1,3.066472864,0.58534,39.84,6.636733647,3.153978092,63,0.6423,red,0,night,0,292
15.37,3.060984467,0.57483,29.44,6.722509451,3.107883459,52,0.6476,yellow,0,night,1,133
10.94,2.859602272,0.52932,25.78,6.157826084,3.145666054,47,0.57887,orange,0,morning,1,367
11.5,2.791924191,0.52069,26.99,6.232251534,3.082009241,41,0.56544,orange,0,morning,0,203
12.87,2.768020467,0.5209,26.5,6.440787038,3.092798835,48,0.56384,red,0,night,0,210
10.75,2.780873986,0.507875,17.74,6.089498287,3.045308517,43,0.53413,yellow,0,night,0,287
10.03,2.725012603,0.505159,11.6,5.930386698,3.062354822,38,0.52579,red,0,afternoon,0,435
13.77,2.747487064,0.51917,17.74,6.493905114,3.077505695,42,0.55802,yellow,0,afternoon,1,192
21.1,3.22273261,0.6155,81.89,7.6118424,3.147469529,66,0.728,orange,0,night,1,58
16.14,2.876403171,0.54528,21.83,6.854249011,3.090007607,48,0.6129,red,0,morning,0,344
14.9,3.722124004,0.59711,24.19,6.724673433,3.16597605,146,0.7475,red,0,night,1,100
18.66,3.179897874,0.58665,90.47,7.34536484,3.196904012,55,0.6674,orange,0,afternoon,1,447
23.21,3.371342343,0.6237,155.8,7.98752448,3.188749563,82,0.7593,orange,0,night,1,402
17.93,2.88246325,0.54744,45.81,7.185387016,3.12845073,49,0.6136,red,0,morning,1,268
13.85,2.757436101,0.51141,17.91,6.587412264,3.073014568,44,0.55104,yellow,0,night,0,74
14.53,2.919413204,0.56495,25.7,6.619939864,3.139907921,46,0.6069,orange,0,night,0,63
14.48,3.089310542,0.54938,38.87,6.6956753,3.125242516,51,0.6225,red,0,night,1,181
12.87,2.828567737,0.51615,18.24,6.392754284,3.107531081,49,0.5578,red,0,afternoon,0,92
8.598,2.802339304,0.509259,18.39,5.612763076,3.248185392,48,0.52778,red,0,afternoon,0,147
12.16,2.799915717,0.51527,16.26,6.305179797,3.090704968,55,0.5569,orange,0,morning,0,267
14.06,2.793157347,0.53251,12.67,6.528688645,3.041920836,43,0.57911,yellow,0,night,0,264
12.27,2.808445391,0.52653,25.79,6.413786772,3.101903238,49,0.59532,red,0,morning,0,129
13.56,2.949900754,0.54451,21.03,6.531751881,3.150359117,60,0.5909,yellow,0,morning,0,260
14.42,2.999446965,0.55839,26.85,6.717078918,3.170360109,65,0.6565,red,0,morning,1,191
10.88,2.864749047,0.51571,9.597,6.070968648,3.134527582,78,0.57966,red,0,morning,0,375
20.44,3.013046688,0.57785,72.44,7.484368643,3.132737975,56,0.6765,orange,0,morning,1,395
19.69,3.381201892,0.6279,94.03,7.443663683,3.17512231,84,0.743,red,0,morning,1,385
11.66,2.741048717,0.51162,26.03,6.296188085,3.018339494,38,0.54262,orange,0,afternoon,0,143
10.32,2.746071597,0.505495,12.97,5.95298356,3.117780658,40,0.52381,yellow,0,afternoon,0,146
11.75,2.869792894,0.5444,30.66,6.314091377,3.140626607,50,0.601,orange,0,night,0,33
20.73,3.147108679,0.58646,199.7,8.140898461,3.159421155,60,0.6659,red,0,night,1,233
19.73,3.573023342,0.5974,92.81,7.566828479,3.275566231,118,0.7507,orange,0,morning,1,72
18.22,3.299826341,0.606,98.81,7.186144305,3.116008958,55,0.6325,orange,0,night,1,291
12.56,3.02978424,0.54391,27.49,6.305179797,3.052105403,52,0.59265,yellow,0,afternoon,0,451
12.65,2.954919008,0.55074,18.4,6.451575656,3.208086421,77,0.6407,orange,0,night,0,11
14.22,3.054491115,0.54408,29.96,6.638567789,3.047005045,57,0.58219,yellow,0,morning,0,1
13.66,2.838868684,0.52471,11.35,6.487684018,3.114239148,66,0.6054,orange,0,morning,1,204
24.25,4.629024533,0.7012,233,7.636752112,3.270133547,84,0.7248,red,0,night,0,334
11.45,2.849034539,0.52233,24.62,6.263588721,3.2170848,48,0.56127,red,0,morning,0,34
11.74,2.780703346,0.52763,37.83,6.279833883,3.031800609,39,0.5829,red,0,morning,0,397
12.23,2.83703335,0.54107,27.24,6.458965046,3.169628645,52,0.608,orange,0,afternoon,0,338
13,2.751463674,0.51762,21.19,6.443336028,3.094196232,42,0.55921,orange,0,morning,0,166
14.76,2.849541717,0.53528,29.06,6.780830585,3.094895377,52,0.6251,red,0,afternoon,0,419
11.95,2.75048932,0.51787,26.65,6.206979071,NA,50,0.54766,yellow,0,night,0,116
11.25,2.720931199,0.502941,15.07,6.19990047,3.076122489,41,0.51667,orange,0,afternoon,0,228
17.47,3.458995659,0.6043,122.3,7.414572881,3.150359117,77,0.6721,orange,0,afternoon,1,362
15.5,3.203977773,0.58481,176.5,7.466227556,3.202113437,80,0.7134,orange,0,night,1,205
10.6,2.90360717,0.52642,27.1,6.05161847,3.092449671,58,0.57926,red,0,night,0,19
15.08,3.100148472,0.56553,63.37,6.956545443,3.256239825,56,0.6526,red,0,afternoon,1,80
17.27,3.089310542,0.55736,58.38,7.157735484,3.172190146,82,0.6739,yellow,0,morning,1,184
13.08,2.848348637,0.5311,14.67,6.446513155,3.127380639,61,0.57283,yellow,0,afternoon,0,52
16.16,3.034156267,0.55613,43.68,7.069023427,3.157241823,65,0.6312,orange,0,night,1,445
15.12,2.940040121,0.54079,26.44,6.897199765,3.192451326,69,0.6252,orange,0,morning,1,302
8.888,2.973892553,0.52872,25.44,5.650381698,3.09035625,57,0.54786,orange,0,night,0,126
15.49,3.347325814,0.59113,66.91,7.214504414,3.264331225,78,0.7121,yellow,0,afternoon,1,9
27.42,4.213757877,0.6689,542.2,8.355614996,3.143504438,84,0.7625,red,0,morning,1,249
12.45,3.212204869,0.54846,30.19,6.364062052,3.079236356,81,0.6342,red,0,night,0,263
9.567,2.763940032,0.51667,12.64,5.816813497,3.197275591,40,0.57222,red,0,morning,0,175
9.668,2.759087235,0.505769,20.98,5.94069743,3.15470282,43,0.525,red,0,night,0,172
15.34,3.424117797,0.59756,44.91,6.888470518,3.15542786,118,0.7393,red,0,afternoon,1,139
11.54,2.75595455,0.508907,9.438,6.148040854,3.050743725,47,0.54715,orange,0,afternoon,0,163
11.43,2.774630684,0.51861,21.38,6.22059017,3.163788264,49,0.56402,orange,0,afternoon,0,71
14.69,3.177324754,0.563,49.45,6.696046105,3.127380639,74,0.6108,red,0,afternoon,0,15
11.2,2.718281828,0.5,22.81,6.085865223,2.995465462,37,0.5,orange,0,night,0,227
18.49,3.192451326,0.59183,95.77,7.377758908,3.163423907,66,0.6663,red,0,night,1,108
8.671,2.718281828,0.5,11.36,5.557599964,3.074740458,38,0.5,red,0,afternoon,1,347
12.3,2.826921683,0.51654,18.32,6.303900206,3.052105403,48,0.54815,yellow,0,afternoon,0,348
12.36,2.892137459,0.53745,20.95,6.353848166,3.124530418,57,0.6205,orange,0,afternoon,0,298
21.09,3.605127971,0.6496,81.46,7.644440762,3.192451326,160,0.7903,orange,0,morning,1,153
11.71,2.819537649,0.526,34.37,6.303900206,3.112824661,41,0.56968,orange,0,night,0,415
14.41,3.145305592,0.56602,77.11,6.642877859,3.019173308,57,0.6021,orange,0,morning,0,413
13.45,2.830745766,0.5278,25.22,6.550222825,3.137036254,49,0.57911,yellow,0,night,0,202
13.27,2.809896172,0.52648,36.35,6.722148331,3.021744216,43,0.6001,red,0,morning,0,193
28.11,3.964047043,0.6595,525.6,7.823645931,3.067847875,46,0.6595,orange,0,night,1,109
17.01,2.92113448,0.5539,68.46,7.098375639,3.057221974,46,0.6096,red,0,afternoon,1,295
11.71,2.825893854,0.53239,17.86,6.256709274,3.13130767,41,0.6099,yellow,0,night,0,363
12.83,2.886619115,0.53078,11.64,6.406549899,3.132380284,59,0.59783,orange,0,afternoon,0,269
15.7,2.909996691,0.55189,40.98,7.145984468,3.164152699,72,0.6541,red,0,night,1,61
11.33,2.722329932,0.503333,17.09,6.126869184,3.108588441,38,0.51111,red,0,morning,0,101
12.3,2.739529405,0.508535,13.24,6.299500565,3.09559482,40,0.53983,red,0,night,0,186
20.13,3.173655597,0.59791,99.04,7.456454555,3.076122489,51,0.6628,orange,0,night,1,220
21.16,3.052446003,0.58632,93.99,7.869019376,3.159421155,59,0.7009,orange,0,night,0,178
20.18,4.28694144,0.6604,116.4,7.392031568,3.248185392,123,0.7508,red,0,night,1,47
15.66,3.950438639,0.6377,138.5,7.111512116,3.197275591,101,0.7462,red,0,afternoon,1,309
17.19,2.988710231,0.56527,45.42,7.26961675,3.217460749,59,0.6984,red,0,afternoon,1,162
15.1,2.868915775,0.53334,29.91,6.937314081,3.155065301,52,0.653,orange,0,afternoon,1,150
9.904,3.125598679,0.53716,27.48,5.966659428,3.123462843,64,0.5991,orange,0,night,0,85
10.26,2.842100963,0.52438,7.326,5.878855603,3.181369974,54,0.58333,yellow,0,afternoon,0,406
16.46,3.308118518,0.58866,31.59,6.888776312,3.164517212,91,0.7035,red,0,night,1,359
11.29,2.810012298,0.52755,13.17,6.125776885,3.143864514,46,0.5875,orange,0,afternoon,0,308
18.03,3.050063318,0.56254,35.77,7.163946684,3.109999309,60,0.6535,yellow,0,morning,1,136
13.85,2.755256254,0.52293,29.63,6.618872486,3.059615273,42,0.5589,red,0,afternoon,0,169
10.49,2.802194927,0.51201,23.13,5.998440161,3.094545767,46,0.53203,red,0,morning,0,332
11.93,2.79100719,0.51796,18.95,6.37927472,3.149636255,47,0.56876,orange,0,morning,0,88
15.78,3.018206124,0.56606,54.16,7.169350017,3.15760485,110,0.681,red,0,night,0,306
10.65,2.784519256,0.51615,16.64,6.121834698,3.1954185,45,0.56136,red,0,afternoon,0,307
17.75,3.270908628,0.58293,43.95,7.270312886,3.159421155,76,0.697,orange,0,night,1,320
21.61,3.760130273,0.6562,80.99,7.640603826,3.196532514,112,0.7422,red,0,night,1,444
15.73,3.084786845,0.56211,13.87,6.75028242,3.211080683,64,0.6452,red,0,morning,0,43
10.95,3.034493074,0.55669,16.97,6.242223265,3.354619705,60,0.6424,red,0,morning,1,391
20.18,3.447867494,0.6259,NA,7.299121463,3.258162988,64,0.7173,red,0,afternoon,1,110
9.876,2.766865478,0.51952,12.33,5.803929423,3.164517212,43,0.55588,yellow,0,afternoon,0,337
17.2,3.268584402,0.57944,69.47,7.427144133,3.227642273,154,0.6899,red,0,night,0,379
11.06,2.833369648,0.54268,12.3,6.018836494,3.257008838,52,0.59514,red,0,afternoon,0,331
12.22,2.959985826,0.52166,12.58,6.244749255,3.15978465,55,0.58088,red,0,night,0,426
6.981,2.718281828,0.5,9.833,5.221436322,3.227264114,43,0.5,red,0,afternoon,0,65
13.71,2.998722303,0.55985,50.96,6.799055862,3.253934795,74,0.6556,red,0,morning,1,369
13.15,2.99632014,0.53483,22.79,6.518114306,3.187640593,55,0.59722,red,0,morning,0,299
13.21,2.795770596,0.52068,17.58,6.450312432,3.119199383,41,0.56005,yellow,0,night,0,46
10.57,2.773555104,0.51111,13.12,5.90345267,3.012880534,38,0.52222,red,0,morning,0,119
8.196,2.762142805,0.505917,8.205,5.489763831,3.122040474,44,0.52564,red,0,afternoon,0,179
13.59,2.833635249,0.52142,26.76,6.494509984,3.021410096,48,0.56189,red,0,morning,0,443
12.49,2.730495293,0.506423,12.69,6.299316826,3.054832219,36,0.52784,orange,0,night,0,399
12.85,2.895550661,0.51867,41.24,6.470489858,2.999908287,51,0.55601,orange,0,morning,0,398
14.54,3.248185392,0.57364,32.55,6.849278349,3.263173039,133,0.6712,orange,0,night,1,25
12.81,2.743502491,0.5133,21.79,6.346863678,3.074740458,37,0.5399,red,0,night,0,79
20.6,4.141490033,0.652,86.22,7.50714108,3.252399783,194,0.765,orange,0,morning,1,414
16.17,2.911800597,0.55397,14.91,6.758675056,3.100148472,58,0.6251,yellow,0,night,0,450
19.4,3.412353805,0.58886,60.41,7.25629724,3.1821065,64,0.6564,orange,0,morning,1,438
12.68,3.063040435,0.56873,36.46,6.789309524,3.331220549,81,0.6716,red,0,morning,1,64
13.14,3.048363559,0.5351,27.4,6.535386398,3.141345602,72,0.6181,red,0,morning,0,50
11.94,2.772961059,0.51349,17.47,6.267579983,3.068535817,40,0.56296,orange,0,afternoon,0,35
18.25,3.062697592,0.574,53.91,7.381501895,3.174388795,59,0.6932,yellow,0,morning,1,177
14.11,2.767118931,0.52733,23.92,6.619939864,3.116363146,42,0.5589,orange,0,night,0,349
11.04,2.818193857,0.52074,11.68,6.102782283,3.051764875,51,0.56754,yellow,0,afternoon,0,293
13.2,2.841447996,0.51105,13.56,6.400257445,3.053809122,46,0.5497,red,0,morning,0,5
12.25,2.765683309,0.51261,18.04,6.434385992,3.107531081,49,0.56335,red,0,morning,0,380
14.26,2.787259413,0.51374,20.56,6.70893842,3.001326054,54,0.5753,yellow,0,afternoon,0,128
13.3,2.812307727,0.52424,20.98,6.431653091,3.067160224,48,0.55614,orange,0,night,0,326
20.55,3.427492451,0.6322,87.78,7.500529485,3.111764588,66,0.7148,red,0,night,1,255
11.68,2.839757584,0.53132,27.57,6.309554576,3.205470695,46,0.59815,yellow,0,morning,0,37
14.34,2.883226323,0.54603,48.29,6.772164625,3.122040474,46,0.6087,red,0,afternoon,0,448
16.65,3.205097343,0.5917,102.6,7.703007682,3.312874102,73,0.7095,red,0,morning,1,425
11.76,2.764080538,0.51115,28.47,6.247075289,3.048363559,40,0.53715,red,0,night,0,384
12.86,2.828244257,0.52315,20.35,6.433100852,3.119199383,53,0.57926,red,0,morning,0,122
13.69,2.789575567,0.52031,14,6.508172834,3.055173396,53,0.56987,orange,0,night,0,325
17.57,3.015574374,0.57953,61.1,7.112327445,3.107178777,62,0.6456,red,0,morning,1,377
14.22,3.384087492,0.56618,31.72,6.636471352,3.208086421,217,0.6772,orange,0,morning,1,356
10.8,2.820180778,0.51404,20.2,6.193384462,3.124174484,48,0.57485,red,0,night,0,238
12.18,2.749154179,0.505051,15.82,6.240470758,3.020074321,36,0.51852,yellow,0,morning,0,301
19.44,3.501089953,0.6194,67.74,7.461640392,3.200995803,75,0.706,orange,0,afternoon,1,259
22.27,4.626188662,0.6823,170,7.766416898,3.272071883,143,0.791,orange,0,afternoon,1,183
9.436,2.793989617,0.51406,30.48,6.085865223,3.134885733,41,0.55052,red,0,night,0,237
14.92,2.877588871,0.53221,23.31,6.809701339,3.041582461,61,0.6147,yellow,0,morning,0,21
13.46,2.753275009,0.51117,14.91,6.522974762,3.05619736,45,0.55781,orange,0,afternoon,0,84
21.37,3.36398201,0.6255,39.06,7.33628566,3.085134378,62,0.6966,yellow,0,morning,1,176
11.16,2.742843664,0.51076,18.99,6.126869184,3.116717411,42,0.54306,orange,0,morning,0,246
13.21,2.801963954,0.53275,17.85,6.445084697,3.043952586,45,0.57958,orange,0,night,0,270
12.05,2.909965608,0.52749,19.87,6.367500845,3.193563415,53,0.56548,red,0,morning,0,185
18.01,3.077505695,0.57762,89.74,7.262628601,3.126311235,55,0.6489,red,0,morning,1,113
12.54,2.721531336,0.505449,28.3,6.372807713,2.99632014,36,0.51635,red,0,morning,0,354
7.729,2.718281828,0.5,19.14,5.513428746,3.107531081,39,0.5,yellow,0,night,0,115
12.83,3.269746134,0.56861,25.13,6.559615237,3.301797204,105,0.6977,red,0,morning,1,420
11.41,2.897244785,0.52361,22.77,6.146757432,3.06064206,47,0.56296,orange,0,night,0,23
14.04,2.817843509,0.52944,32.74,6.620073207,3.08617742,43,0.57453,orange,0,morning,0,14
17.99,3.857401616,0.6471,153.4,7.610357618,3.241692069,135,0.7654,orange,0,night,1,456
20.26,3.182843345,0.58683,87.87,7.467371067,3.084439386,72,0.6573,yellow,0,night,1,36
13.85,2.845697536,0.53711,19.41,6.507277712,3.082703199,48,0.59993,orange,0,afternoon,0,378
19,2.995596921,0.55627,81.23,7.33823815,3.026764465,55,0.6218,orange,0,night,1,253
16.78,2.967940264,0.56576,67.34,7.138867,3.076813945,53,0.6474,red,0,night,1,328
20.47,3.204350882,0.6015,100.4,7.405495663,3.052446003,58,0.6613,red,0,afternoon,1,242
14.53,2.98074651,0.52925,23.04,6.722027929,3.049723222,60,0.59594,orange,0,night,0,182
10.66,2.718281828,0.5,21.98,6.012002198,3.045308517,38,0.5,red,0,night,0,446
21.56,3.583058275,0.6389,158.7,7.614312146,3.162695429,53,0.7216,red,0,afternoon,1,173
14.03,2.758611283,0.51896,22.07,6.572981599,3.118489869,46,0.57963,red,0,morning,0,275
14.86,2.812365887,0.52877,23.92,6.656083644,3.094196232,46,0.57971,yellow,0,afternoon,0,209
12.88,2.897676323,0.52343,16.83,6.389737185,3.097344732,47,0.56493,orange,0,morning,0,165
15.13,2.851871035,0.52739,45.38,6.836688831,3.069912579,41,0.56575,red,0,morning,1,215
21.71,3.076813945,0.58465,224.1,8.052933037,3.145666054,47,0.682,red,0,afternoon,1,281
13.61,2.974508496,0.54489,43.14,6.80959103,3.110705195,51,0.6184,yellow,0,morning,1,140
19.21,3.13130767,0.58994,102.5,7.670894831,3.242454742,72,0.7091,yellow,0,afternoon,1,257
9.504,2.80106929,0.52076,15.7,5.752255128,3.131665131,42,0.56227,red,0,afternoon,0,83
12.45,3.224996887,0.58089,27.19,6.608810014,3.307327139,103,0.6741,orange,0,morning,1,3
17.42,3.264717456,0.56597,58.53,6.928537818,3.102956997,49,0.6099,yellow,0,night,1,102
13.48,3.040905926,0.55439,18.52,6.607190581,3.237122988,83,0.7258,red,0,afternoon,1,194
11.63,2.927724698,0.52017,23.13,6.268717424,3.161239414,52,0.56835,red,0,morning,0,12
17.3,3.111058251,0.58353,33.63,7.10824414,3.164881804,56,0.6857,orange,0,afternoon,0,310
9.738,2.718281828,0.5,12.26,5.837438859,3.099797743,38,0.5,red,0,afternoon,0,107
25.22,4.04064162,0.6845,120,7.848543482,3.223109785,121,0.7867,orange,0,night,1,2
15.22,3.634463913,0.59429,22.65,6.818924065,3.165246474,170,0.7356,orange,0,afternoon,1,271
11.26,2.732125449,0.505664,9.332,6.077412859,3.05619736,39,0.52832,yellow,0,night,0,66
12.31,2.813122183,0.52272,19.68,6.415260612,3.079582709,50,0.5866,orange,0,night,0,158
12.88,2.856031234,0.55303,34.37,6.514268148,3.179530048,64,0.6096,orange,0,night,0,400
22.01,3.587177977,0.6501,130.2,7.708410667,3.120974495,78,0.7432,yellow,0,night,1,89
7.76,2.718281828,0.5,19.15,5.593223284,2.986584771,37,0.5,orange,0,morning,0,241
9.405,2.775083807,0.51257,25.17,5.884435974,3.205470695,43,0.5377,red,0,morning,0,418
13.11,2.977104625,0.55102,15.09,6.460373828,3.140626607,87,0.6126,orange,0,afternoon,0,266
11.57,2.875947386,0.51428,20.3,6.254789888,3.105066536,51,0.56664,yellow,0,afternoon,0,361
11.76,2.793272113,0.53515,49.11,6.316442404,3.066129294,39,0.5716,orange,0,night,1,111
12.27,2.718281828,0.5,35.13,6.325970566,3.000567555,36,0.5,red,0,afternoon,0,76
10.86,2.718281828,0.5,20.67,6.02175124,3.020074321,38,0.5,orange,0,night,0,316
9.777,2.84138865,0.51778,22.87,5.905361848,3.183580507,49,0.55334,red,0,afternoon,0,352
12.21,2.917662647,0.52534,19.96,6.272688309,3.02844141,57,0.5914,red,0,morning,0,94
13.05,3.006546528,0.55603,21.57,6.38215437,3.138471472,60,0.6258,yellow,0,morning,0,190
8.219,3.130592976,0.52168,10.21,5.520660598,3.244744757,85,0.57879,red,0,night,0,213
13.9,2.780106267,0.51339,14.03,6.577722266,2.999315183,52,0.56222,yellow,0,night,0,41
18.31,3.221601577,0.59451,67.36,7.308542798,3.192821942,58,0.651,orange,0,morning,1,374
13.51,2.97305008,0.55381,19.29,6.515008943,3.169263032,59,0.6453,orange,0,night,0,199
19.07,3.436803887,0.59961,104.9,7.409136444,3.104363056,156,0.7493,red,0,afternoon,1,357
12.95,2.896443686,0.5337,17.67,6.372295374,3.189489276,52,0.6056,yellow,0,night,1,144
11.94,2.909406226,0.53791,21.91,6.302802109,3.058931111,62,0.6155,orange,0,night,0,297
19.02,3.183949207,0.58271,57.65,7.392031568,3.105066536,67,0.6956,orange,0,afternoon,1,442
14.58,3.168166663,0.58783,21.05,6.798944373,3.205097343,134,0.7701,yellow,0,night,1,78
9.787,2.736972468,0.507937,20.05,5.90290652,3.12880758,40,0.52381,red,0,morning,0,137
9.742,2.748598251,0.51407,16.39,5.872681011,3.183580507,40,0.55159,orange,0,morning,0,288
11.3,3.213704922,0.52854,16.39,6.15888395,3.139907921,95,0.6218,red,0,night,0,67
15.3,3.26510377,0.58751,43.5,7.145984468,3.248950894,121,0.7024,red,0,morning,0,252
12.36,2.792067526,0.51921,9.227,6.299133053,3.082356183,51,0.58442,red,0,morning,0,60
9.876,2.896412883,0.53029,11.77,5.889431822,3.21783678,55,0.59749,red,0,night,0,262
11.7,2.762002495,0.51148,11.28,6.180223672,3.095944654,42,0.55741,red,0,afternoon,0,197
14.64,3.018606267,0.57064,42.76,6.689101633,3.114946845,66,0.6397,orange,0,morning,0,317
20.51,3.215957441,0.5834,70.01,7.534762657,3.095944654,61,0.6563,red,0,morning,1,6
12,2.835968739,0.51863,16.16,6.341945347,3.150720665,52,0.57632,orange,0,afternoon,0,383
20.16,3.072324725,0.57726,74.85,7.412764017,3.037865053,46,0.6425,red,0,morning,1,7
11.9,2.822990532,0.53003,25.03,6.233626104,3.167801365,58,0.56042,red,0,night,0,195
14.99,2.785061156,0.52899,106,6.549364578,2.999414019,36,0.52899,red,0,afternoon,1,159
13.46,2.837447578,0.53152,16.07,6.578973396,3.242454742,66,0.6427,red,0,morni7ng,0,272
19.16,3.359498444,0.59664,69.65,7.452402451,3.30377023,77,0.6872,orange,0,morning,1,274
10.82,2.761020716,0.50816,33,6.225745843,3.089310542,47,0.53264,yellow,0,morning,0,358
12.46,2.737920765,0.51149,24.6,6.280395839,3.001128149,38,0.5268,red,0,afternoon,0,333
24.63,3.524925282,0.6471,139.9,7.879291485,3.138112552,83,0.7475,red,0,afternoon,1,294
13.5,2.725799574,0.504419,20.39,6.549221466,2.987467303,37,0.5221,orange,0,night,0,258
13.59,2.773668284,0.51238,22.22,6.60543323,3.036515407,39,0.55185,red,0,night,0,365
21.75,3.474511341,0.6088,156.8,7.776535028,3.11317817,92,0.6841,red,0,night,1,324
12.63,3.041582461,0.56021,20.48,6.267959274,3.118489869,55,0.6105,red,0,afternoon,0,151
12.62,2.874520169,0.52036,18.51,6.436150368,3.097344732,71,0.618,red,0,night,0,285
12.47,2.954534868,0.53821,30.29,6.518999784,3.168532041,56,0.6015,red,0,afternoon,1,370
14.44,2.970040362,0.55532,21.2,6.642356415,3.12880758,61,0.6599,orange,0,night,0,231
9.268,3.010755311,0.55252,20.04,5.704448919,3.351779744,71,0.6025,orange,0,afternoon,0,211
14.99,2.918287613,0.53876,28.51,6.76515431,3.04564768,69,0.6308,orange,0,morning,0,48
10.2,2.884753648,0.51071,22.79,6.000672028,3.004033252,45,0.53571,orange,0,afternoon,0,135
12.72,2.756932755,0.51835,23.24,6.374684046,3.0425978,40,0.53612,orange,0,night,0,96
13.49,2.853814977,0.53384,20.2,6.549364578,3.074740458,48,0.6282,red,0,night,0,282
14.68,2.935133584,0.55259,45.4,7.037027615,3.182474883,50,0.6609,orange,0,night,0,339
13.43,2.887323096,0.53438,43.4,6.901334711,3.159421155,46,0.616,red,0,morning,1,437
19.81,3.18801017,0.59498,112.4,7.782390336,3.200251117,66,0.7388,yellow,0,morning,1,341
10.51,2.906364353,0.53068,19.91,5.925324745,3.123107136,52,0.56136,orange,0,morning,0,91
12.76,2.793358195,0.51781,17.26,6.362510728,3.122395952,50,0.58312,red,0,night,0,289
20.92,3.949353453,0.6474,118.8,7.506042179,3.1616033,83,0.7542,orange,0,night,1,452
13.96,3.012714398,0.55246,35.74,6.716594774,3.200251117,68,0.6374,orange,0,night,1,30
13.27,2.818427469,0.52456,24.68,6.563573399,3.114592959,44,0.59678,red,0,morning,1,155
19.68,3.336037219,0.6103,67.66,7.339537695,3.094196232,71,0.7255,red,0,morning,1,125
9.755,2.760824443,0.51043,11.28,5.857647399,3.056880363,42,0.54866,red,0,afternoon,0,18
12,2.833133598,0.51945,13.86,6.260919001,3.090704968,50,0.57116,red,0,morning,0,157
19.27,3.255086933,0.57593,68.17,7.502738211,3.199134691,133,0.6785,yellow,0,morning,1,29
15.78,3.447867494,0.59479,58.63,7.148345744,3.33282469,96,0.7034,yellow,0,afternoon,0,376
10.17,2.748070326,0.5129,34.62,5.909712045,3.114239148,41,0.52579,yellow,0,morning,0,27
14.97,2.790892607,0.53781,24.28,6.676705556,3.093497385,47,0.58485,red,0,morning,0,392
11.67,2.837417986,0.52157,15.34,6.311008593,3.214455436,64,0.5812,red,0,afternoon,0,290
12.25,2.828126646,0.52331,16.51,6.335408799,3.093846771,49,0.58211,red,0,afternoon,0,57
12.42,2.747209408,0.51108,9.006,6.297845697,3.032136919,39,0.54052,red,0,morning,0,87
12.94,2.810912596,0.5239,11.36,6.364578625,3.078197739,51,0.58388,red,0,morning,0,90
11.89,2.911333862,0.53142,21.46,6.275138598,3.160875606,65,0.6138,orange,0,afternoon,0,38
17.35,2.799195209,0.52837,44.41,7.104965448,3.101903238,46,0.58235,yyellow,0,morning,1,351
19.59,3.614859713,0.6286,97.07,7.710653324,3.172922714,77,0.7247,orange,0,afternoon,1,396
20.58,3.248568101,0.59561,111.7,7.412160335,3.080275636,63,0.692,orange,0,afternoon,1,321
13.71,2.872912407,0.53783,26.45,6.553790944,3.168166663,59,0.6284,red,0,afternoon,0,335
11.74,2.914136446,0.52639,13.04,6.160785292,3.044291461,62,0.6056,red,0,night,0,243
12.77,2.80557719,0.52864,53.65,6.362165663,2.999446965,40,0.54773,red,0,morning,0,77
8.734,2.718281828,0.5,28.85,5.758901774,3.18100183,44,0.5,orange,0,night,0,75
16.26,3.310494743,0.57981,57.72,6.882642578,3.168532041,53,0.6047,yellow,0,night,1,265
11.6,2.773017624,0.51313,18.21,6.166467723,3.004628139,44,0.54815,red,0,night,0,97
23.27,3.131665131,0.59702,97.85,7.784473236,3.097694938,73,0.7346,yellow,0,morning,1,16
14.62,2.805287793,0.52957,33.76,6.689226065,3.058589139,49,0.56946,red,0,night,0,276
12.98,2.926058745,0.5295,20.65,6.452522029,3.118844588,68,0.59858,red,0,afternoon,0,423
13,2.806271981,0.52645,34.78,6.424382682,3.122040474,42,0.56296,red,0,morning,0,251
16.03,3.089310542,0.57041,33.27,6.975413927,3.171823981,88,0.6981,red,0,morning,1,440
18.05,3.265490169,0.608,134.8,7.383989458,3.187640593,111,0.7102,red,0,afternoon,1,200
15.04,2.945471509,0.56142,34.84,6.753321226,3.065442371,54,0.6018,yellow,0,afternoon,0,221
12.18,2.784633323,0.5177,14.68,6.305910257,3.061326947,40,0.57431,orange,0,night,0,106
10.8,2.788860299,0.51698,11.48,6.025865974,3.172190146,43,0.54603,red,0,night,0,407
13.05,2.720164182,0.504167,32.96,6.436310612,3.026764465,37,0.51111,red,0,morning,0,314
16.5,2.887445562,0.54835,33.58,6.91671502,3.136677642,48,0.59123,yellow,0,morning,0,105
16.27,3.187640593,0.58488,44.41,7.021976423,3.229534298,64,0.6583,red,0,afternoon,1,336
11.52,2.841210627,0.52929,18.62,6.19807213,3.155065301,47,0.59608,red,0,night,0,284
14.61,2.758191461,0.51877,28.9,6.73435382,3.02341587,38,0.55813,red,0,night,0,327
11.28,2.850347598,0.54796,26.33,6.073044534,3.147108679,49,0.58611,red,0,night,0,161
11.49,2.870579721,0.51969,14.34,6.14761323,3.141705215,52,0.57431,yellow,0,night,0,453
13.2,2.722259048,0.503261,15.5,6.456612657,3.063040435,44,0.525,orange,0,afternoon,0,218
11.93,2.811842532,0.52008,24.79,6.368187186,3.195789757,56,0.57247,orange,0,night,0,171
9.333,2.831393923,0.51282,17.86,5.68968355,3.054491115,39,0.52564,orange,0,morning,0,121
18.45,3.071635175,0.56847,68.35,7.371489295,3.182843345,55,0.6379,yellow,0,afternoon,1,196
14.59,3.029448426,0.53736,19.54,6.597827598,3.02844141,67,0.6105,orange,0,morning,0,187
12.34,2.776841042,0.52054,30.15,6.278709024,3.035841012,38,0.54793,red,0,afternoon,0,305
10.16,2.732010121,0.51116,16.8,5.85018896,3.110705195,43,0.52232,orange,0,afternoon,0,49
13.53,2.918850304,0.56556,32.65,6.406054563,3.177692105,45,0.57407,yellow,0,afternoon,0,405
23.09,3.262401337,0.6003,180.2,7.930925372,3.087569178,74,0.7264,orange,0,afternoon,1,103
10.49,2.782182918,0.5178,10.08,5.927992124,3.163788264,41,0.56528,red,0,night,0,69
17.14,3.489280652,0.6401,111.4,7.286876412,3.21257976,79,0.755,orange,0,morning,1,141
14.47,3.022746997,0.5389,23.11,6.6956753,3.137394943,83,0.6205,orange,0,night,1,222
11.22,2.731850876,0.506434,15.46,6.154645757,3.019540326,38,0.53002,red,0,afternoon,0,240
11.06,2.873276275,0.53341,10.8,6.086774727,3.165611223,54,0.6075,orange,0,night,0,212
19.8,3.11317817,0.58691,124.4,7.605392365,3.142064905,68,0.682,orange,0,night,1,207
12.78,2.821321578,0.52864,18.33,6.318787917,3.121685072,38,0.55882,red,0,afternoon,0,132
11.04,2.803668258,0.5248,13.54,6.155706991,3.147830456,46,0.57431,yellow,0,afternoon,1,373
15.46,3.183211886,0.58087,48.31,7.052721049,3.212954733,56,0.6514,yellow,0,afternoon,1,44
10.18,2.767203425,0.51915,15.05,5.928524747,3.161239414,45,0.55575,orange,0,night,0,86
13.34,3.077159784,0.56987,12.96,6.421459653,3.209208661,94,0.6708,orange,0,morning,0,436
10.57,3.511647587,0.55941,7.228,5.863347044,3.06819181,74,0.6465,red,0,morning,0,174
13.05,2.730731189,0.508829,33.01,6.510853402,3.025089286,37,0.53532,red,0,morning,0,54
11.81,2.783778046,0.51553,14.47,6.193384462,3.143144439,41,0.54306,red,0,night,0,123
18.94,3.046665596,0.57951,96.05,7.531552381,3.085481984,56,0.6789,red,0,night,1,248
11.89,2.889498363,0.57404,48.84,6.157826084,3.144224667,39,0.58946,red,0,afternoon,0,8
13.64,2.769712418,0.51723,14.55,6.487227293,3.049723222,47,0.58586,red,0,night,0,360
20.29,3.383674989,0.6043,94.44,7.362010551,3.149636255,52,0.6625,red,0,morning,1,277
11.27,2.951177733,0.5555,16.04,6.165627916,3.237122988,57,0.6318,red,0,afternoon,0,24
12.43,2.755256254,0.51699,31.16,6.245912948,2.967520587,36,0.52832,red,0,morning,0,230
14.71,3.120619321,0.58123,40.09,6.893149127,3.147469529,85,0.6834,orange,0,morning,1,353
12.99,2.823811079,0.52098,14.41,6.356107661,3.067847875,51,0.5585,yellow,0,morning,0,401
12.18,2.787688044,0.52941,24.44,6.204961721,3.067160224,40,0.55882,yellow,0,afternoon,0,112
16.13,3.280236071,0.6028,54.18,7.181591945,3.306536107,84,0.7073,red,1,afternoon,1,429
17.46,3.165246474,0.58811,49,7.249925537,3.146387212,75,0.7066,yellow,0,morning,1,98
12.67,2.80792347,0.52107,17.61,6.353326018,3.153253675,43,0.55602,yellow,0,morning,0,234
8.726,2.835407176,0.51924,8.966,5.650381698,3.28101557,56,0.605,yellow,0,afternoon,0,340
14.86,3.270521045,0.58878,25.2,6.665301479,3.12880758,91,0.6727,orange,0,night,1,95
12.32,2.831128733,0.537,17.43,6.308280574,3.153615844,43,0.59391,yellow,0,afternoon,0,311
20.2,3.248950894,0.6265,103.6,7.421177529,3.115300807,70,0.7152,red,0,night,1,156
13.16,2.768105016,0.51256,26.07,6.474353552,3.059615273,48,0.54195,red,0,night,0,303
11.6,2.837299626,0.5335,15.75,6.239300711,3.170360109,50,0.58449,orange,0,afternoon,0,201
27.22,3.79072564,0.6878,128.7,8.07589363,3.185424805,80,0.7688,orange,0,night,1,118
11.37,2.785089683,0.52173,17.49,6.129703591,3.059615273,41,0.56203,red,0,afternoon,0,455
19.79,3.632120187,0.6149,63.33,7.370860167,3.114239148,77,0.6732,red,0,afternoon,1,296
14.87,2.917194092,0.54951,21.84,6.663898686,3.093497385,45,0.6017,yellow,0,night,0,449
12.9,2.858100775,0.53088,16.64,6.467388119,3.127380639,58,0.6012,red,0,morning,0,381
11.41,2.817201428,0.52623,10.5,6.235390638,3.213704922,56,0.58958,red,0,morning,0,223
11.22,2.731957953,0.507583,19.62,6.077871575,3.167801365,41,0.52022,red,0,night,0,45
16.84,2.865804708,0.52771,46.61,6.939253946,2.979347277,48,0.58436,orange,0,morning,0,368
14.25,3.129878588,0.55598,24.91,6.684111603,3.175856142,84,0.6447,yellow,0,morning,1,382
12.86,2.825629673,0.534,16.57,6.396095974,3.213329787,54,0.6155,orange,0,night,0,412
10.44,2.736459998,0.51216,11.86,5.979897911,3.137753709,42,0.54464,red,0,night,0,273
14.6,2.966907416,0.55271,33.01,6.630947203,3.127380639,47,0.6359,red,0,morning,1,279
11.32,2.763406239,0.503125,8.605,6.114345676,2.993363626,45,0.52083,yellow,0,night,0,417
9.295,2.811958817,0.52421,19.63,5.788736181,3.330819734,53,0.57262,orange,0,night,0,323
1990.2,2.981560596,0.55778,24.19,6.614055134,3.12773726,49,0.6221,yellow,0,afternoon,0,224
14.58,2.961496267,0.54349,37.11,6.759255271,3.095944654,51,0.59186,red,0,night,0,189
10.91,2.75229938,0.51369,11.09,5.971771914,2.996945006,38,0.53194,orange,0,night,1,142
12.46,3.508562373,0.58543,23.94,6.56723486,3.332022443,267,0.721,red,1,afternoon,1,250
10.25,2.914136446,0.53965,22.68,5.967171855,3.15978465,56,0.59744,red,0,afternoon,0,434
11.52,2.80337925,0.52278,23.47,6.226931848,3.105066536,40,0.56316,red,0,afternoon,0,51
19.53,3.068879898,NA,109.9,7.814803429,3.161967265,81,0.6625,orange,0,afternoon,1,315
9.676,3.08374469,0.57038,17.67,5.79331844,3.394429887,74,0.6075,red,0,morning,0,42
14.29,2.738133119,0.50625,10.77,6.528834726,2.972629015,36,0.53333,red,0,afternoon,0,70
12.72,2.753749133,0.51924,13.38,6.316623024,3.122395952,46,0.56343,orange,0,night,0,278
16.07,3.012050029,0.56638,79.25,7.109062136,3.195789757,52,0.652,yellow,0,afternoon,1,148
14.4,2.816151369,0.51737,20.52,6.599326133,3.02542418,46,0.55563,orange,0,night,0,55
19.53,3.475377005,0.6062,133,7.627057417,3.193934271,82,0.698,red,0,night,1,160
19.1,3.366023606,0.6469,67.1,7.168579897,3.156153211,62,0.6841,yellow,0,afternoon,1,180
9.042,3.381613847,0.54908,24.2,5.694068782,3.095245062,76,0.6145,red,0,night,0,13
15.27,2.888364376,0.53157,20,6.838083606,3.09559482,54,0.6035,red,0,afternoon,0,329
18.82,3.231049399,0.58744,103.9,7.379632153,3.15542786,71,0.6708,orange,0,afternoon,1,386
18.63,3.528926169,0.6244,105,7.420578905,3.192451326,84,0.6848,red,0,night,1,130
15.75,3.812555872,0.6242,51.22,6.81925188,3.214455436,99,0.7135,red,0,morning,1,410
17.99,3.088265501,0.58824,49.81,7.207118856,3.18911938,75,0.6974,yellow,0,night,1,62
11.46,2.812307727,0.51502,22.93,6.193997145,3.068535817,49,0.55509,red,0,night,0,131
20.59,3.47148458,0.6121,75.09,7.473069088,3.182474883,73,0.7113,orange,0,night,1,164
13.75,NA,0.52344,39.93,6.559615237,2.998788168,45,0.56106,yellow,0,night,0,149
17.91,3.957504923,0.6198,41.51,7.173191742,3.340060857,117,0.6964,red,0,morning,1,355
10.9,2.726707341,0.506588,18.54,6.152732695,3.07785168,39,0.53953,orange,0,afternoon,0,422
13.81,3.217460749,0.59176,52.72,7.05012252,3.487972931,102,0.7013,red,0,morning,1,346
15.85,3.017672758,0.55364,36.58,6.775936704,3.0640694,51,0.6119,yellow,0,morning,1,404
13.73,3.445734878,0.58025,19.21,6.547789211,3.252783411,164,0.7208,orange,0,night,0,345
15.05,2.938012281,0.54335,38.49,6.874198495,3.104011429,53,0.612,red,0,afternoon,1,313
11.8,2.798100736,0.51638,25.06,6.33150185,3.103308399,48,0.55356,red,0,morning,0,28
11.34,2.865291864,0.51899,16.41,6.250168274,3.271296295,54,0.58278,yellow,0,afternoon,0,4
13.7,2.847752463,0.5316,20.64,6.531606225,3.087569178,44,0.59077,yellow,0,night,0,31
9.72,2.718281828,0.5,21.69,5.71636959,2.926372935,34,0.5,yellow,0,afternoon,0,312
13.17,2.96268638,0.55252,14.49,6.607595685,3.196904012,78,0.6607,red,0,night,1,10
9.847,2.783122686,0.52416,15.24,5.930918047,3.16597605,54,0.56528,red,0,night,0,366